<dblp>
<book mdate="2000-01-03" key="books/aw/CeriF97">
    <author>Stefano Ceri</author>
    <title>Designig Database Applications with Objects and Rules: The IDEA Methodology</title>
    <publisher href="db/publishers/aw.html">Addison-Wesley</publisher>
    <year>1980</year>
    <isbn>0-201-40369-2</isbn>
</book>
<book mdate="2002-01-03" key="books/bc/BatiniCN92">
    <author>Carlo Batini</author>
    <author>Stefano Ceri</author>
    <author>Shamkant B. Navathe</author>
    <title>Conceptual Database Design: An Entity-Relationship Approach.</title>
    <publisher>Benjamin/Cummings</publisher>
    <year>1992</year>
    <isbn>0-8053-0244-1</isbn>
</book>
<book mdate="2003-01-03" key="books/bc/BatiniCN92">
    <author>Carlo Batini</author>
    <author>Stefano Ceri</author>
    <author>Shamkant B. Navathe</author>
    <author>Raghu Ramakrishnan</author>
    <author>Norman W. Paton</author>
    <title>Conceptual Databas Design: An Entity-Relationship Approach.</title>
    <publisher>Benjamin/Cummings</publisher>
    <year>1991</year>
    <isbn>0-8053-0244-1</isbn>
</book>
<incollection mdate="2008-02-24" key="books/crc/tucker97/CeriR97">
    <author>Stefano Ceri</author>
    <author>Raghu Ramakrishnan</author>
    <title>Rules in Data-Based Systems.</title>
    <pages>1142-1157</pages>
    <year>1997</year>
    <crossref>books/crc/tucker1997</crossref>
    <booktitle>The Computer Science and Engineering Handbook</booktitle>
    <url>db/books/collections/tucker97.html#CeriR97</url>
</incollection>
<inproceedings mdate="2011-08-10" key="conf/icsnw/Paton04">
    <author>Norman W. Paton</author>
    <title>Databases and the Grid: JDBC in WSDL, or Something Altogether Different?</title>
    <pages>1-13</pages>
    <ee>http://dx.doi.org/10.1007/978-3-540-30145-5_1</ee>
    <year>2004</year>
    <crossref>conf/icsnw/2004</crossref>
    <booktitle>ICSNW</booktitle>
    <url>db/conf/icsnw/icsnw2004.html#Paton04</url>
</inproceedings>
<inproceedings mdate="2011-08-10" key="conf/icsnw/Paton04">
    <author>Norman W. Paton</author>
    <author>Carlo Batini</author>
    <author>Stefano Ceri</author>
    <author>Shamkant B. Navathe</author>
    <title>Databases ffand the Grid: JDBC in WSDL, or Something Altogether Different?</title>
    <pages>1-13</pages>
    <ee>http://dx.doi.org/10.1007/978-3-540-30145-5_1</ee>
    <year>2004</year>
    <crossref>conf/icsnw/2004</crossref>
    <booktitle>ICSNW</booktitle>
    <url>db/conf/icsnw/icsnw2004.html#Paton04</url>
</inproceedings>
<inproceedings mdate="2011-08-10" key="conf/icsnw/Paton04">
    <author>Norman W. Paton</author>
    <author>Carlo Batini</author>
    <author>Stefano Ceri</author>
    <author>Shamkant B. Navathe</author>
    <title>Databases ffand the Grid: JDBC in WSDL, or Something Altogether Different?</title>
    <pages>1-13</pages>
    <ee>http://dx.doi.org/10.1007/978-3-540-30145-5_1</ee>
    <year>1998</year>
    <crossref>conf/icsnw/2004</crossref>
    <booktitle>ICSNW</booktitle>
    <url>db/conf/icsnw/icsnw2004.html#Paton04</url>
</inproceedings>
<article mdate="2013-01-05" key="journals/bmcbi/JuppHIKOSWS12">
    <author>Simon Jupp</author>
    <author>Matthew Horridge</author>
    <author>Robert Stevens</author>
    <title>Populous: a tool for building OWL ontologies from templates.</title>
    <pages>S5</pages>
    <year>2012</year>
    <volume>13</volume>
    <journal>BMC Bioinformatics</journal>
    <number>S-1</number>
    <ee>http://dx.doi.org/10.1186/1471-2105-13-S1-S5</ee>
    <url>db/journals/bmcbi/bmcbi13S.html#JuppHIKOSWS12</url>
</article>
<book mdate="2002-01-03" key="books/bc/BatiniCN92">
    <author>Carlo Batini</author>
    <author>Stefano Ceri</author>
    <author>Shamkant B. Navathe</author>
    <title>Concejhdg dfh dbase Design: An Entity-Relationship Approach.</title>
    <publisher>Benjamin/Cummings</publisher>
    <year>1992</year>
    <isbn>0-8053-0244-1</isbn>
</book>
<incollection mdate="2008-02-24" key="books/crc/tucker97/CeriR97">
    <author>Stefano Ceri</author>
    <author>Rick Ross</author>
    <title>Rules in Data-Based Systems.</title>
    <pages>1142-1157</pages>
    <year>1999</year>
    <crossref>books/crc/tucker1997</crossref>
    <booktitle>The Comput Science and Engineering Handbook</booktitle>
    <url>db/books/collections/tucker97.html#CeriR97</url>
</incollection>
</dblp>