<dblp>
<book mdate="2002-01-03" key="books/aw/CeriF97">
    <author>Stefano Ceri</author>
    <author>Piero Fraternali</author>
    <title>Designing Database Applications with Objects and Rules: The IDEA Methodology</title>
    <publisher href="db/publishers/aw.html">Addison-Wesley</publisher>
    <year>1999</year>
    <isbn>0-201-40369-2</isbn>
</book> 
<book mdate="2002-01-03" key="books/aw/CeriF97">
    <author>Stefano Ceri</author>
    <author>Piero Fraternali</author>
    <title>Designing Database Applications with Objects and Rules: The IDEA Methodology</title>
    <publisher href="db/publishers/aw.html">Addison-Wesley</publisher>
    <year>1998</year>
    <isbn>0-201-40369-2</isbn>
</book> 
<book mdate="2002-01-03" key="books/aw/CeriF97">
    <author>Segolene picard</author>
    <author>Habiba alami</author>
    <title>Designing Database Applications with Objects and Rules: The IDEA Methodology</title>
    <publisher href="db/publishers/aw.html">Addison-Wesley</publisher>
    <year>1998</year>
    <isbn>0-201-40369-2</isbn>
</book> 
<incollection mdate="2002-01-03" key="books/eh/grayL88/PatonG88">
    <author>Norman W. Paton</author>
    <author>Peter M. D. Gray</author>
    <title>An Object-Oriented Database for Storage and Analysis of Protein Structure Data.</title>
    <pages>251-266</pages>
    <year>1997</year>
    <booktitle>Prolog and Databases</booktitle>
    <url>db/books/collections/gray88.html#PatonG88</url>
</incollection>
<incollection mdate="2002-01-03" key="books/eh/grayL88/PatonG88">
    <author>Norman W. Paton</author>
    <author>Peter M. D. Gray</author>
    <title>An Object-Oriented Database for Storage and Analysis of Protein Structure Data.</title>
    <pages>251-266</pages>
    <year>1997</year>
    <booktitle>Prolog and Databases</booktitle>
    <url>db/books/collections/gray88.html#PatonG88</url>
</incollection>
<inproceedings mdate="2012-12-13" key="conf/ismb/BakerBBGPS98">
    <author>Patricia G. Baker</author>
    <author>Andy Brass</author>
    <author>Sean Bechhofer</author>
    <author>Carole A. Goble</author>
    <author>Norman W. Paton</author>
    <author>Robert Stevens</author>
    <title>TAMBIS: Transparent Access to Multiple Bioinformatics Information Sources.</title>
    <pages>25-34</pages>
    <year>1998</year>
    <crossref>conf/ismb/1998</crossref>
    <booktitle>ISMB</booktitle>
    <url>db/conf/ismb/ismb1998.html#BakerBBGPS98</url>
    <ee>http://www.aaai.org/Library/ISMB/1998/ismb98-04.php</ee>
</inproceedings>  
<inproceedings mdate="2012-12-13" key="conf/ismb/BakerBBGPS98">
    <author>Patricia G. Baker</author>
    <author>Andy Brass</author>
    <author>Sean Bechhofer</author>
    <author>Carole A. Goble</author>
    <author>Norman W. Paton</author>
    <author>Robert Stevens</author>
    <title>TAMBIS: Transparent Access to Multiple Bioinformatics Information Sources.</title>
    <pages>25-34</pages>
    <year>1999</year>
    <crossref>conf/ismb/1998</crossref>
    <booktitle>ISMB</booktitle>
    <url>db/conf/ismb/ismb1998.html#BakerBBGPS98</url>
    <ee>http://www.aaai.org/Library/ISMB/1998/ismb98-04.php</ee>
</inproceedings>  
<article mdate="2010-12-15" key="journals/cai/AlperCG08">
    <author>Pinar Alper</author>
    <author>scar Corcho</author>
    <author>Carole A. Goble</author>
    <title>Understanding Semantic Aware Grid Middleware for e-Science.</title>
    <pages>93-118</pages>
    <year>1999</year>
    <volume>27</volume>
    <journal>Computing and Informatics</journal>
    <number>1</number>
    <ee>http://www.sav.sk/index.php?lang=en&amp;charset=ascii&amp;doc=journal&amp;part=list_articles&amp;journal_issue_no=2069#abstract_4508</ee>
    <url>db/journals/cai/cai27.html#AlperCG08</url>
</article> 
<article mdate="2011-09-26" key="journals/chb/LunnH11">
    <author>Darren Lunn</author>
    <author>scar Corcho</author>
    <title>Providing assistance to older users of dynamic Web content.</title>
    <pages>2098-2107</pages>
    <year>1999</year>
    <volume>27</volume>
    <journal>Computers in Human Behavior</journal>
    <number>6</number>
    <ee>http://dx.doi.org/10.1016/j.chb.2011.06.004</ee>
    <url>db/journals/chb/chb27.html#LunnH11</url>
</article>
</dblp>    